{"inputUnits":[34],"outputUnits":4,"inputs":{"0":{"dtype":"number","min":302.8478920784442,"max":330.4013536505198},"1":{"dtype":"number","min":171.68078708277602,"max":192.7438152624939},"2":{"dtype":"number","min":313.3540409548273,"max":340.9569148794686},"3":{"dtype":"number","min":155.10466905883314,"max":179.88951924246112},"4":{"dtype":"number","min":285.51172338107216,"max":312.57923052004804},"5":{"dtype":"number","min":157.77196030672422,"max":182.6609475696133},"6":{"dtype":"number","min":332.8261391012585,"max":357.3490366954284},"7":{"dtype":"number","min":158.2965743959182,"max":187.14579897631933},"8":{"dtype":"number","min":264.4012581791859,"max":293.04188294169506},"9":{"dtype":"number","min":166.8076422427879,"max":192.82839823325787},"10":{"dtype":"number","min":373.0421418067546,"max":405.61593853546026},"11":{"dtype":"number","min":238.57968534477027,"max":269.90102864425006},"12":{"dtype":"number","min":224.7111540916829,"max":266.7504526576179},"13":{"dtype":"number","min":244.59725762155733,"max":276.5712735068473},"14":{"dtype":"number","min":422.82990333171205,"max":481.7285221559992},"15":{"dtype":"number","min":187.26990933548154,"max":369.63708306101046},"16":{"dtype":"number","min":128.53043493129863,"max":217.26943079135762},"17":{"dtype":"number","min":217.55652757934098,"max":370.8934371295142},"18":{"dtype":"number","min":405.6630240711257,"max":513.7993185436679},"19":{"dtype":"number","min":84.17260611567517,"max":453.5312376504743},"20":{"dtype":"number","min":122.73109257916997,"max":200.28920236728536},"21":{"dtype":"number","min":104.97150346926679,"max":396.94093065966894},"22":{"dtype":"number","min":348.3035753302073,"max":396.9036952809137},"23":{"dtype":"number","min":477.45052701304394,"max":526.812392654122},"24":{"dtype":"number","min":243.16810132928396,"max":295.59478284783864},"25":{"dtype":"number","min":480.441371457586,"max":533.5022827623419},"26":{"dtype":"number","min":343.6630011532557,"max":396.3711055057986},"27":{"dtype":"number","min":552.5134799823687,"max":591.7653955838095},"28":{"dtype":"number","min":201.81879600198351,"max":290.1357842233858},"29":{"dtype":"number","min":557.3291791181156,"max":596.4502618099465},"30":{"dtype":"number","min":325.804316301754,"max":391.1210092032466},"31":{"dtype":"number","min":557.8044195954438,"max":573.9247552893969},"32":{"dtype":"number","min":200.39152189915282,"max":288.34565633929657},"33":{"dtype":"number","min":556.9238098678886,"max":574.6431913264531}},"outputs":{"0":{"dtype":"string","min":0,"max":1,"uniqueValues":["o","u","r","l"],"legend":{"o":[1,0,0,0],"u":[0,1,0,0],"r":[0,0,1,0],"l":[0,0,0,1]}}},"isNormalized":true}